{
  "required": true,
  "minVersion": "0.8",
  "package": "net.coderbot.iris.mixin",
  "compatibilityLevel": "JAVA_8",
  "client": [
	"MixinDebugHud",
	"MixinGameRenderer",
	"MixinGlStateManager",
	"MixinImmediateVertexConsumerProvider",
	"MixinParticleManager",
	"MixinTranslationStorage",
	"MixinWorldRenderer",
	"fabulous.MixinDisableFabulousGraphics",
	"fabulous.MixinOption",
	"gbuffer.MixinWorldRenderer",
	"texunits.MixinBufferVertexConsumer",
	"texunits.MixinGlStateManager",
	"texunits.MixinLightmapTextureManager",
	"texunits.MixinOverlayTexture",
	"texunits.MixinVertexFormats"
  ],
  "injectors": {
	"defaultRequire": 1
  }
}
