{
  "schemaVersion": 1,
  "id": "sodium",
  "version": "${version}",
  "name": "Sodium",
  "description": "Sodium is an free and open-source optimization mod for Minecraft which improves frame rates and reduces lag spikes.",
  "authors": [
    "JellySquid"
  ],
  "contact": {
    "homepage": "https://jellysquid.me",
    "sources": "https://github.com/jellysquid3/sodium"
  },
  "license": "LGPL-3.0-only",
  "icon": "assets/sodium/icon.png",
  "environment": "client",
  "entrypoints": {
    "client": [
      "me.jellysquid.mods.sodium.client.SodiumClientMod"
    ]
  },
  "custom": {
    "fabric-renderer-api-v1:contains_renderer": true
  },
  "accessWidener": "sodium.accesswidener",
  "mixins": [
    "sodium.mixins.json"
  ],
  "depends": {
    "fabricloader": ">=0.8.0",
    "iris": "*"
  },
  "breaks": {
    "optifabric": "*",
    "canvas": "*"
  }
}
